{"name":"2d098097-b85e-4e22-bd0b-051e8fc4939a","id":"/providers/Microsoft.Flow/flows/2d098097-b85e-4e22-bd0b-051e8fc4939a","type":"Microsoft.Flow/flows","properties":{"apiId":"/providers/Microsoft.PowerApps/apis/shared_logicflows","displayName":"CARD","definition":{"metadata":{"workflowEntityId":null,"processAdvisorMetadata":null,"flowChargedByPaygo":null,"flowclientsuspensionreason":"None","flowclientsuspensiontime":null,"flowclientsuspensionreasondetails":null,"creator":{"id":"5345dd51-0dc7-46a9-82c8-15aa76f1768f","type":"User","tenantId":"d5d04ca1-245a-4027-8b33-f67f972b9c11"},"provisioningMethod":"FromDefinition","failureAlertSubscription":true,"clientLastModifiedTime":"2023-07-14T12:31:50.8150517Z"},"$schema":"https://schema.management.azure.com/providers/Microsoft.Logic/schemas/2016-06-01/workflowdefinition.json#","contentVersion":"1.0.0.0","parameters":{"$connections":{"defaultValue":{},"type":"Object"},"$authentication":{"defaultValue":{},"type":"SecureObject"}},"triggers":{"manual":{"metadata":{"operationMetadataId":"df50a105-921b-488c-9e52-1a1b46169b33"},"type":"Request","kind":"Http","inputs":{"schema":{"type":"object","properties":{"webUrl":{"type":"string"},"parameters":{"type":"object","properties":{"event":{"type":"string"},"product":{"type":"string"}}},"webDescription":{"type":"string"},"creatorName":{"type":"string"},"creatorEmail":{"type":"string"},"createdTimeUTC":{"type":"string"}}}}}},"actions":{"Pages_Provisioning":{"actions":{"Copy_Project_Home_Page":{"runAfter":{},"metadata":{"%252fSitePages%252fProjectHome.aspx":"/SitePages/ProjectHome.aspx","operationMetadataId":"f76a12af-3acb-4ac0-92a7-0e9db6d911d6"},"type":"OpenApiConnection","inputs":{"host":{"apiId":"/providers/Microsoft.PowerApps/apis/shared_sharepointonline","connectionName":"shared_sharepointonline","operationId":"CopyFileAsync"},"parameters":{"dataset":"https://cardaieu.sharepoint.com/sites/Project","parameters/sourceFileId":"%252fSitePages%252fProjectHome.aspx","parameters/destinationDataset":"@triggerBody()?['webUrl']","parameters/destinationFolderPath":"/SitePages","parameters/nameConflictBehavior":2},"authentication":"@parameters('$authentication')"}},"Set_Welcome_Page":{"runAfter":{"Copy_Project_Home_Page":["Succeeded"]},"metadata":{"operationMetadataId":"95d5d23d-0cdc-4b45-8524-2eef17721a53"},"type":"OpenApiConnection","inputs":{"host":{"apiId":"/providers/Microsoft.PowerApps/apis/shared_sharepointonline","connectionName":"shared_sharepointonline","operationId":"HttpRequest"},"parameters":{"dataset":"@triggerBody()?['webUrl']","parameters/method":"POST","parameters/uri":"_api/web/RootFolder","parameters/headers":{"content-type":"application/json;odata=verbose","accept":"application/json;odata=verbose","IF-MATCH":"*","x-http-method":"MERGE"},"parameters/body":"{\"__metadata\":{\"type\":\"SP.Folder\"},\"WelcomePage\":\"SitePages/ProjectHome.aspx\"}"},"authentication":"@parameters('$authentication')"}},"Copy_Documents_Folder":{"runAfter":{"Set_Welcome_Page":["Succeeded"]},"metadata":{"%252fShared%2bDocuments":"/Shared Documents","operationMetadataId":"bdc4d5b7-da6b-46d8-8cbc-ce4d65198e61","%252fShared%2bDocuments%252f01%2bManagement":"/Shared Documents/01 Management"},"type":"OpenApiConnection","inputs":{"host":{"apiId":"/providers/Microsoft.PowerApps/apis/shared_sharepointonline","connectionName":"shared_sharepointonline","operationId":"CopyFolderAsync"},"parameters":{"dataset":"https://cardaieu.sharepoint.com/sites/Project","parameters/sourceFolderId":"%252fShared%2bDocuments%252f01%2bManagement","parameters/destinationDataset":"@triggerBody()?['webUrl']","parameters/destinationFolderPath":"/Bendrai naudojami dokumentai","parameters/nameConflictBehavior":2},"authentication":"@parameters('$authentication')"}},"Copy_Documents_Folder_2":{"runAfter":{"Copy_Documents_Folder":["Succeeded"]},"metadata":{"%252fShared%2bDocuments%252f02%2bCommunicaton":"/Shared Documents/02 Communicaton","operationMetadataId":"b2a6e611-0fe2-4a46-8e85-01358916147e"},"type":"OpenApiConnection","inputs":{"host":{"apiId":"/providers/Microsoft.PowerApps/apis/shared_sharepointonline","connectionName":"shared_sharepointonline","operationId":"CopyFolderAsync"},"parameters":{"dataset":"https://cardaieu.sharepoint.com/sites/Project","parameters/sourceFolderId":"%252fShared%2bDocuments%252f02%2bCommunicaton","parameters/destinationDataset":"@triggerBody()?['webUrl']","parameters/destinationFolderPath":"/Bendrai naudojami dokumentai","parameters/nameConflictBehavior":2},"authentication":"@parameters('$authentication')"}},"Copy_Documents_Folder_3":{"runAfter":{"Copy_Documents_Folder_2":["Succeeded"]},"metadata":{"%252fShared%2bDocuments%252f03%2bAnalysis":"/Shared Documents/03 Analysis","operationMetadataId":"0caf736f-c98f-4def-b4b9-79e3d89415d0"},"type":"OpenApiConnection","inputs":{"host":{"apiId":"/providers/Microsoft.PowerApps/apis/shared_sharepointonline","connectionName":"shared_sharepointonline","operationId":"CopyFolderAsync"},"parameters":{"dataset":"https://cardaieu.sharepoint.com/sites/Project","parameters/sourceFolderId":"%252fShared%2bDocuments%252f03%2bAnalysis","parameters/destinationDataset":"@triggerBody()?['webUrl']","parameters/destinationFolderPath":"/Bendrai naudojami dokumentai","parameters/nameConflictBehavior":2},"authentication":"@parameters('$authentication')"}},"Copy_Documents_Folder_4":{"runAfter":{"Copy_Documents_Folder_3":["Succeeded"]},"metadata":{"%252fShared%2bDocuments%252f04%2bReports":"/Shared Documents/04 Reports","operationMetadataId":"7c980023-2a5f-4d52-90a6-cb5721c886fd"},"type":"OpenApiConnection","inputs":{"host":{"apiId":"/providers/Microsoft.PowerApps/apis/shared_sharepointonline","connectionName":"shared_sharepointonline","operationId":"CopyFolderAsync"},"parameters":{"dataset":"https://cardaieu.sharepoint.com/sites/Project","parameters/sourceFolderId":"%252fShared%2bDocuments%252f04%2bReports","parameters/destinationDataset":"@triggerBody()?['webUrl']","parameters/destinationFolderPath":"/Bendrai naudojami dokumentai","parameters/nameConflictBehavior":2},"authentication":"@parameters('$authentication')"}},"Copy_Documents_Folder_5":{"runAfter":{"Copy_Documents_Folder_4":["Succeeded"]},"metadata":{"%252fShared%2bDocuments%252f05%2bCode":"/Shared Documents/05 Code","operationMetadataId":"4876faab-344f-4d2a-bfd3-a5013cb46ee6"},"type":"OpenApiConnection","inputs":{"host":{"apiId":"/providers/Microsoft.PowerApps/apis/shared_sharepointonline","connectionName":"shared_sharepointonline","operationId":"CopyFolderAsync"},"parameters":{"dataset":"https://cardaieu.sharepoint.com/sites/Project","parameters/sourceFolderId":"%252fShared%2bDocuments%252f05%2bCode","parameters/destinationDataset":"@triggerBody()?['webUrl']","parameters/destinationFolderPath":"/Bendrai naudojami dokumentai","parameters/nameConflictBehavior":2},"authentication":"@parameters('$authentication')"}},"Copy_Documents_Folder_6":{"runAfter":{"Copy_Documents_Folder_5":["Succeeded"]},"metadata":{"%252fShared%2bDocuments%252f06%2bFinal%2bresults":"/Shared Documents/06 Final results","operationMetadataId":"7e4c78e5-270e-4d35-bc4c-f23e09736408"},"type":"OpenApiConnection","inputs":{"host":{"apiId":"/providers/Microsoft.PowerApps/apis/shared_sharepointonline","connectionName":"shared_sharepointonline","operationId":"CopyFolderAsync"},"parameters":{"dataset":"https://cardaieu.sharepoint.com/sites/Project","parameters/sourceFolderId":"%252fShared%2bDocuments%252f06%2bFinal%2bresults","parameters/destinationDataset":"@triggerBody()?['webUrl']","parameters/destinationFolderPath":"/Bendrai naudojami dokumentai","parameters/nameConflictBehavior":2},"authentication":"@parameters('$authentication')"}},"Copy_Documents_Folder_7":{"runAfter":{"Copy_Documents_Folder_6":["Succeeded"]},"metadata":{"%252fShared%2bDocuments%252f07%2bPublications":"/Shared Documents/07 Publications","operationMetadataId":"9e1685ea-5d0c-424a-ae42-5cb73d8d11ef"},"type":"OpenApiConnection","inputs":{"host":{"apiId":"/providers/Microsoft.PowerApps/apis/shared_sharepointonline","connectionName":"shared_sharepointonline","operationId":"CopyFolderAsync"},"parameters":{"dataset":"https://cardaieu.sharepoint.com/sites/Project","parameters/sourceFolderId":"%252fShared%2bDocuments%252f07%2bPublications","parameters/destinationDataset":"@triggerBody()?['webUrl']","parameters/destinationFolderPath":"/Bendrai naudojami dokumentai","parameters/nameConflictBehavior":2},"authentication":"@parameters('$authentication')"}},"Copy_Documents_Folder_8":{"runAfter":{"Copy_Documents_Folder_7":["Succeeded"]},"metadata":{"operationMetadataId":"7eda0af6-cce5-408e-b5ae-8f67e6d2a60a"},"type":"OpenApiConnection","inputs":{"host":{"apiId":"/providers/Microsoft.PowerApps/apis/shared_sharepointonline","connectionName":"shared_sharepointonline","operationId":"CopyFolderAsync"},"parameters":{"dataset":"https://cardaieu.sharepoint.com/sites/Project","parameters/sourceFolderId":"/Shared Documents/08 Share","parameters/destinationDataset":"@triggerBody()?['webUrl']","parameters/destinationFolderPath":"/Bendrai naudojami dokumentai","parameters/nameConflictBehavior":2},"authentication":"@parameters('$authentication')"}}},"runAfter":{},"metadata":{"operationMetadataId":"7272cd20-19f8-4af6-a14d-b937d1d59d9c"},"type":"Scope"}},"outputs":{}},"connectionReferences":{"shared_sharepointonline":{"connectionName":"shared-sharepointonl-374aa0ff-099c-4736-a820-94aa65640481","source":"Embedded","id":"/providers/Microsoft.PowerApps/apis/shared_sharepointonline","tier":"NotSpecified"}},"flowFailureAlertSubscribed":false,"isManaged":false}}